_id,name,category,price,img
5f2d3ad1fa70425e7dac3428,dress,apparel,25,https://www.labotavara.eu/11060-large_default/navy-blue-white-batela-straps-baby-dress.jpg
5f2d3bd9fa70425e7dac342a,coat,apparel,30,https://mamaetmoi.co.uk/media/catalog/product/a/b/absorba-beige-knitted-pram-coat-mama_et_moi_1.jpg
5f2d3c27fa70425e7dac342b,pants,apparel,10,https://img-1.versacommerce.de/resize=1024x1024/canvas=1024x1024/++/assets.versacommerce.de/images/7a03cbd02f210f3d03d90a5a884ae8f3d67521f4.jpg
5f2d3c78fa70425e7dac342c,sleeping bag,bedtime,25,https://cdn.shopify.com/s/files/1/0213/9744/products/1W09DW722_large_98491484-3777-44c9-abb9-143370882972_800x.jpg?v=1569181163
5f2d3d35fa70425e7dac342e,rubber duck,bath,15,https://i.ebayimg.com/00/s/MTE2NVgxMTg1/z/CvQAAOSwuDFcdtgc/$_57.JPG?set_id=8800005007
5f2d3d73fa70425e7dac342f,poppy towel,bath,45,https://www.bathingbunnies.com/wp-content/uploads/2018/08/Long-Eared-Puppy-Baby-Towel-lifestyle.jpg
5f2d3daafa70425e7dac3430,blanket,bedtime,45,https://target.scene7.com/is/image/Target/GUEST_1235fb79-5136-4172-ade6-5f182f1d1ef2?wid=488&hei=488&fmt=pjpeg
5f2d3de9fa70425e7dac3431,pillow,bedtime,30,https://cdn02.plentymarkets.com/8kmy7txqftoq/item/images/606/full/Kitty-front.jpg
5f2d3e62fa70425e7dac3432,mobile,bedtime,30,https://s1.thcdn.com/productimg/1600/1600/12262789-1984704313956954.jpg
5f2fac3904204d7598ca752d,leggings,apparel,50,https://media.vertbaudet.com/Pictures/vertbaudet/55994/baby-girls-pack-of-2-long-leggings.jpg?width=457
5f2fac74d4ce5b27a465e94d,coat,apparel,40,https://www.dhresource.com/0x0/f2/albu/g4/M00/22/37/rBVaEVnEdFOAUBVZAAGL6VRPK2c565.jpg/cute-baby-girl-parkas-coat-solid-cotton-overcoat.jpg
5f2facf2670c5d7208821cd7,pants,apparel,15,https://images-na.ssl-images-amazon.com/images/I/61Wmhl7y9VL._AC_UL1013_.jpg
5f3013bcf73d9065382a3789,baby hat,apparel,10,https://cdn.shopify.com/s/files/1/2715/1822/products/Mouse_Hat_2048x.jpg?v=1546177517
5f66372882606932949d82f5,teddy,toys,20,https://ae01.alicdn.com/kf/HTB1Ma9Rd8Kw3KVjSZFOq6yrDVXai/Giant-teddy-bear-skin-Unstuffed-teddy-bear-Huge-plush-toys-Big-bear-soft-animal-toy-60cm.jpg
5f663b6282606932949d82f6,doll,toys,15,https://acornandpip.com/wp-content/uploads/2019/10/Olli-Ella-Dinkum-Doll-Roo.jpg
5f663bcb82606932949d82f7,skirt,apparel,25,https://cdn.shopify.com/s/files/1/0029/7041/9313/products/Newborn-Baby-Tutu-Infant-Girl-Birthday-Chiffon-Skirt-Soft-3-Layers-Baby-Petti-Skirt-Kids-Clothes_large.jpg?v=1537674686
5f663c4e82606932949d82f8,pants,apparel,15,https://myfaktory.in/281-large_default/baby-pants-in-organic-cotton-plain-pant.jpg
5f663cbc82606932949d82f9,pants,apparel,20,"data:image/jpeg;base64,/9j/4AAQSkZJRgABAQAAAQABAAD/2wCEAAkGBxMTEhITExIVFRUXFxgbGBgXGBgXGBgYFxcYGBgXFxUYHSggGholGxcVITEhJSkrLi4uFx8zODMtNygtLisBCgoKDg0OGhAQFSsdFR0tKy0tLS03LS0tLS0tLS0tLS0tKy0rLTgtLS0rLS0tLS0rNysrKy0tLSstLS0rLSs3K//AABEIAPsAyQMBIgACEQEDEQH/xAAcAAABBAMBAAAAAAAAAAAAAAAAAQIDBgQHCAX/xABUEAABAgMDCAUFCA4IBwEAAAABAAIDESEEMUEFBxJRYXGR8AaBobHBEyIystEjM0JSkrPh8RQkJTVicnOCg6KjwsPSNENTVGR0k9MIFhdERWOUFf/EABgBAQEBAQEAAAAAAAAAAAAAAAACAQME/8QAHhEBAAMAAwEBAQEAAAAAAAAAAAECMQMREkEhMhP/2gAMAwEAAhEDEQA/AN4oQhAIQhAIQhAIQhAIQhAIWFlq3iz2ePHImIUKJEI16DC6XYtDRs7OUiCPKQ2k4thtMtwdPtmqisyyZ6dDIXMZzh5UP/kIl8ve4QE78GId0+yrP+nv6gwfuLfEs9OnELmFvT/KoH9NifsvFqmbnGyuLrY7rZAPexPEt9OmELnFmdPKw/rmu3woX7oCnGdjKvxof+kKdqeJO3Q6Fzg/OhlYn+kBu6FBl2tKidnKyuf+7I/R2f8A208SenSiFzR/1HyvT7dPyLP4Q0rc5GVv78b5e9QP9pP85Z6dLIXNYzm5U/vxvl7xA/kWTZ86mU2kztAf+NChD1WhPEt9Oi0Ki5q+lka3Q4/l9EvhuaQQNHzX6UgQKULHcQr0pmOmhCELAIQhAIQhAIQhAIQhB4fTphOTbeBf9ix/mnLlhxqup+nNpMPJ9teDIiBEkdpaWjtIXKy6UxNjIQqNkzxKln3pGyvQ4rolHOhTmur1IISSQZ+QcnRbVGhWeEJviOlW5oEy5zjgAAStrQM0MAsINri+VHwmsYIc5f2Zm4j88KqZlm/dF+yzRCN/lII7p8VbslZbjf8AMdqsz4rjD8iRDZc0O8nBjTAHwpB9b1ztae1xDWnS7IhsVpdZ/KeULWMcXaOh6TZy0ZmXFeO0+juVvztQS3KcUkk+Uhwntng3Q0JfKY49ap4V1xEmONBsPepJVeOvxRK+aVzsdi1iNrau6j4J+jVIXi/Z2c9yfpVGoo1ujMHBIh2x+BMJvyREJ9YLbC1ZmGts4Nrg4sex/VEaW/w+1bTXG/8AS64EIQpaEISTQKhJNKgEIQgEImk0hrCCm54Ipbkm0yvJgt+VHhA9k1zc5dEZ53F2TXNaC4uiwqNEzR2lcPxVz1Fs72+kx7d7XDvC60xFjQoopqEs1F5QE3jiqZ0yAUjTQlNBoldgtY2HmNsulbLRE+JA0f8AUiNP8Mp1oj+S6VhxMvdITP8AVsrIQHF4VZ6E9KouT4kV8KGx/lA1rg/SoGkkS0SK1WHlzpBFtlrdbCGw4nueiGTk0wgNE1qTMArnNZmV9r9nysMo9kjAelDiMJ/Ec17R+0f2rWHwirx02zgHKMGHCdZGwtF4fpiIXmYa5paAWNkDpa8FSiKq6x+JnSxblHE9E7lJEwTIlyphGtm0JzRQJIGIT2hYNvZhH+faxiWQv1XP/nW4lpPMPE+2Y7dcGfB7B+8t2LlyauuPI6QRnNDJTrPw8JjrXgOiaRqXTpc918xrpIL2eklSxuqZ4/UvHfBOE+3uUKRQ2UHusSWGlJ3okjZfNRmE6YlGNwvZfoOmT6WNyyDCM67uRRIYdQNYOGBMye1AjGOv8o2/EEekKC/BOGlIaL2j5Qxlq1phAma3ET4SAl1p0OHSmEuwz7ygV1piNBlGqMJu1gHDWVJEjRSJGNMmlNIy1dqx4sKc9cncHVp1gcEsjLXOWNSgS1Q3kOlEbOt85VFO2SxxBik+mwiYPpOmQ57ZU0djgsiITKYE5mfZKiLPD81talrRPXo1GGsnigxmWaOL4rKT+ObmhpN2sFSRIL/OPlQBI4XaIF3asuFKcsTPb6Uz7U0gECRnpaUpdqDENmPne7PpMeaAL5G+Z2LGy9k6HFsdphu88OhvIL5Oc1waXNLTKhBlJenFhyJu266bN0kroYc0tNzhI3VBEu5BzNZXzAWSSkjWTyMWNCP9XEcyuOi4gHrEimOK7RiJhLAuJ3pLOJJzRIHclYFTEiQpZIWpI/BMKlcKKFwQgMClTGhPCNbMzFn7dibYDvXhlbyWi8x5+3n/AJB/rMW9Fx5NXXFfy+fdNzR13nxXms188VmZZfOK7VMdgksJrgd23ncoUXTlVJZoc5uN5p1CtyZGaDLm9T3CWocUGDBcSDhN7tuP0LLc/RBlq7T9axbKwTpcOfYsoiYlSSBIDaEmZOiQOEjReblUP0GaOlo6fnaNDIAY1213L1GO9zOqR57FBaLW1gk4ymSRjTSxrtAWWxtd/GFkvTMFgdpAh8hO/R9k5qSxHR0WXaMR7eqrh2aKyXOD2tc0zGl3YKGIJRxhPRddiBonuSMJ1IXyji/zmU1TaT/N2KaLC0SBWQiFw/OBmOJKxY48+E6ePes2IQW7RsK1h0VxmHAGt4lqTqXi47bt2tFndMS7E6VNXUg596cQ9HKNrGtzTxhtJ7ZrwwKqz5zYejlGJ+Exp31cJ9irLb11riZTE0KGFIbimsVpTgoQEFak43KBxU5uUDkIOBTpprU9GtiZlHyygBrhRB6p8Fvtc+ZnHyylCGtsQfqOPgug1y5NXXFStz5xX7z3qCUth3qS0EabpzvOF5moHGR3Xrmo4AX/AEJZk1nwKYYn0fSnPdSnFBHBvMheUsZ0g4a/FFkKZEdNzQK1u5CDI0dGHLDRAkoLfYRE0SSWuE7tRlS7cslwmHUmU7DqWTHbYnphwrO2GxrBP0qk6zfRRZUpFgu1gitMRz1rIbVwpICfE70ZZbJrCcD461rEdpuEp34b96yoZvFRPasctmMK7krHyCCeEJGVOtSyrLnioGUvU5MkGjs7LZZRH5Fu34cRVWGrbni/p8P8iPWcqlDXWuJlJgmsvSzomQ3SE1aWSEpUbHp81rD8FA9T4KB6SwrEpKGJCjV1zTPllSy7TEH7GIujVzVmwdLKdj/HI4scPFdKrlyauqnRT5zpSvPfqUTpGcz3exSxyNJ283YKGc9fUuaiaO7ZuQ66U0w4Ecgdal49iBsISF1UllbN9yc8agb+QksYlpUrzVBMWyA1zHfJTshtInjvULxTrHeFJDddMYIInCtBdzgi3M0ofUnRB500+K06B4zNEGDZnHRxSzHPDApsKdRNOO7negla676+1TwxjzwWPD5u5CyGA9XOGtBpLPMft+H+RHruVRhmituekSygz8gz14iqMK5dKslKBRbaza5roNos4tNua4iJWDDD3M8yVIji0gzdeBOUpHGms8g5P+yLRZ4GEWLDYZfFc8Bx6mknqXWsNgaAAJAAAAXAC4BbeWQ0NnJzX/YcM2qyF74DffIbvOdDHx2uvcwYzqL5kTlrcFdgxYYcC1wBaQQQagg0IIxC5P6W5KFjttpswnowohDJ36DgHwwTidBzRPGSUt8LQxQoogSw3JHrogouTCU5yYsFpzdvllGx/lWjjTxXTa5gzf8A3wsf5eH6wXT658nxdVNtLfPdUX+OpR3XnnrUlpPnuwqcaqHRx9q5qNPDXXxT4Y5v+pMfK+Uq8gpsxQ8/Uge87ud1ymh+jWXd3qAntT4vogTu347UDnOpw71kNnIbgsSIbt4+lZUETaMaVQNjGuG3nFStNNst6ZHwNO2aITsJe1BitbXUlLDt6vpTorBq2pgOzncgVp5+pTNlMc9ahxHDG7FZELfd1INJ56vvgz/Lw+18RU2CaK45565QbsgQ/XiKmQV0qyV0zVwdLKtiH4bz8mDEd3gLptc7ZkYGllRh+JBiu9Vn8RdErL6VC5/z9ZP0MoQooFI0AT2uhuLT+q6GugFqP/iGsoMCxRZVbFeyeyIzSl+yCyuktMQynqOGU9d3MjymBK4oCxqxdA3SyhYj/iIXa8BdRLlfoa6VusZ/xEH51q6oXPk+KqpUcjSdvPeonDDXfu9ifGBmTLX3pgBqb/Bc1GGgl3p89Y51pr5GU0glv6ygeDKaUGZaKS3JIZv+uXUkhnzjsrfT6ED7VEEwMZifHWpbM64bOSlybkp8bTcCANIVNZgAUA3z4pLbk98F7C4TbIiYunMEbjIFBkPBI1861Gwypr5xToBnqNNiYx3FAkYcOzwUJ1YqWK3GXj2qFx1+xA6+U+fYpmT3Hm5Y7dcpdamYg0pngM8oHZBh97/aqbDVxztmeUX7IcMdhPiqcxdYxMtr5gYE7bHf8WzkfLiMP7i3wtNf8Pll863RcJQWD9o53exblUX1sYFQc99mD8lRXETMOJBcNhMQQyeEQjrV+VVzpQ9LJVunhC0utjmuHaFka2XMcNSFRsUhXeHOTHJwCaE4oPX6LGVrsp1R4XzjV1YuTujrpWmzn/2w/XausVz5PiqqTHMnunt7FGRMVlu5vUlplpuBAvNce1QuPMvAiS5qI7nmaBuHOKVw49aYIc+zigUPld1TonaJJlKpkLr8EwgVnyb16WRIOnFZWYbN3C6fWQgtFlgBjGsGA4nE8Ulss4iMcw4jgcDxUyEFJgza4tdQgy4UUzmiZv36/BS5bg6McmvnAHGWo9oWNpVnLnaEExG7ncsd+2fPanvcJU+lRONb0AIm/wCndhgsiEPrP0rFDhsO7q4KeE7nvQaSzp/fKPsbC+baqmArTnNP3TtP6P5mGqyAu0YlvvMFClYrS741pI6mwoXiXLZy15mMH3NO2PE7mDwWw1ztrYwKtZyR9yrf/l4nqqyqv5wWzyZlD/LRuyG4rI1rllicU1qcV3cwEEpCUBBm5IdKNCOp7OxwXXC5GyX77D/Hb6wXXK58iqqVbRKI66896h9vNFPlEe6xB+ETrucsZw2S8TguaixJzwvqo9Dt4e1OJMjd2X9QTKmhOKBaTphq8FYOi0OsR2oAcanuC8Fg47N/1q0dG2+5uOt3gNSD1kIQgrvSlg0oZOII4Ee1eRK6slYOlDfcmu1O7wfoVchP1c9aDJdW7nrUZvqnm6pPd3qMYoGPbP2KeAoHUO3ntU8IilZnrQaPzm/fO0/o/mYarjVYc5X3zte+H8zDVeC7VxEug8xcQHJzgPgx4gO8tY7uIWxFq/MBP7DtIIp9kzB/Qwge4cVtBc7aqMC8bpnC0sn25vxrNHHGE5eyvE6bRHtyfbnM9IWeMRj/AFbsFkNcpNNE4JGgJaLu5hKEhI5mngjmaCewOlEYdTmngZrrxcfMIW7dDLXxjwh/zqLx2qFgyq0+WiXekZE7VCXCW1ZGWGHy0QX17wsV8771yUR10rgmjsTp7AmaMifZL2TQOIxmrV0dHuX5x7gqsym/rVp6Oe8/nHwQeohCEHn5fZOBE2SNdhB7pqoQyDeBJXm1w9Jj262kcQqJCfrOHFBltfd9YHYmv59s0sxLCZUQIuH0dWpArtQ7EonPXJNZRPguurMYoNI5x/vna98P5iGq+ArDnHb907Xvh/Mw14DSu8YiXQuY+zFmTGuI98ixXDcCIf8ADK2AvF6F2LyNgscPFsGHpfjFoc79Yle0uM6qAoLdA8pDiMPw2Ob8oEeKnQsa44hjzRO+Vd6cF6nSqwmDbbXCNNGPFA/FLy5n6pavLAXocypQkKAUYzsjQA+0QGETD4sNpGsOe0Edq62XKnQ+HpW+wj/EwPnWFdVLnyLqp+W2jy8SeztAWHDMq0lPcszpC6Ud93wdnwQsEE3030nx1LmorsKdcsUwit1dlJJ7jPaQmE1vxQPhg6udytPRoe4jeVVGuOMlbuj/ALyJa3d6D0kIQgFQbVD0XubqeRuANFflSMrs92iH8I0rWdb0ERAFRTuTQKYc9SUk0lNN5u17L0DhOkqjrT4JkangoSSnwTslzRBp7ObZHjKVodoP0XeTIdoukfcWA+dKRuVZgNERwhgzc8hoAvm4yoNa63yQ+cMbCee1ZmiJzlVXF+mdEY2QAFwEk5CFDQhCEHN+cbItpdlO2ubZbQ5rntLXNgxHNcPJsEw5rSDUEdSrzej1swsVr/8AnjfyLrFCv2ny5Xg9ELe66w2rrgxG+sAph0Eyl/cY/wAkDvK6iQnuTy586G9Bcostllivsj2sZGhuc5zoYDWtcC4y0pkynQAroJKhTae2xHSnZbiTjv3gcABNYEMgUmszpI0eXfUicrqfBGpeexolea/hGv0LGpyBrFFG4Ctac4JWwhrd8pI6BiC7UJkzlzNAsMjZ4K3dH5+RbMYnvVObC38Zq75IbKDD3d6DMQhCAVNy0R5d88D4BXJU7pCz7YfTBp7B7EGAYw2T3ySG0C6myqjcOM8ApGQhXkbtqBHRBgR2cKmqkbEB1cR2FKWbuq7majJExTfS5BbOjrpwzqnThVeqsDIbZQWfnesVnoBCEIBCEIBCEIBCEIBCEIKb0o9/dLUK9S8ljgaasSvX6VN92rqbuXiEdm+XBBksiGf0yU3ltQ56lgBppz3XJ4iG7xQZsQB10piSu1jbKGwamt7lQIVcd1/etgWUzYw/gjuQSoQhAKpdI5COfxW4y19StqqXSgkRvzB3lB5LXVpJTnasdtQKY71LoGV3YgkB2m7GXYh7PpUghuNNEncD4INmfL0TPaCgteR/eWbj3lZixMktIgsmCDLHeVloBCEIBCEIBCEIBCEIBCEIMe0WKG8zfDa46yATxUZyVA/smcFmIQYf/wCXA/smfJCc3JsEXQYfyG+xZSEEbILRc1o3ABSIQgEIQgEIQgEIQgEIQgEIQgEIQgEIQgEIQgEIQgEIQg//2Q=="
5f663d1d82606932949d82fa,dress,apparel,45,https://ae01.alicdn.com/kf/HTB1XBX7SVXXXXXhaXXXq6xXFXXXN.jpg
5f663ec182606932949d82fb,dress,apparel,25,https://i.pinimg.com/564x/06/77/dc/0677dc29c46080d556eed04ff2bab85e.jpg
5f663f4282606932949d82fc,pillow,bedtime,25,https://cdn.statically.io/img/ae01.alicdn.com/kf/HTB1yCRqaIfrK1Rjy1Xdq6yemFXap/Muslinlife-1Pcs-Bedding-Baby-Kids-Pillow-Anti-Roll-Sleeping-Pillow-Neck-Head-Baby-Pillow-Multifunctional-Dropship.jpg?quality=100&f=auto
5f66ea3a82606932949d82fd,pants,apparel,10,https://punkbaby.co.nz/wp-content/uploads/2017/09/babypantsgreyweb.jpg
5f66ebb082606932949d82fe,t-shirt,apparel,20,"https://ih1.redbubble.net/image.323255310.6701/ra,baby_tee,x750,FFFFFF:97ab1c12de,front-pad,600x600,f8f8f8.u1.jpg"
5f66ec6982606932949d82ff,towel,bath,15,https://mpb2cproduction.azureedge.net/48feb4/globalassets/product-images/large/11730009.jpg
5f66eeb3add4532f78835db6,towel,bath,15,https://target.scene7.com/is/image/Target/GUEST_0379010e-1f7b-47f4-8303-a11804c55534?wid=488&hei=488&fmt=pjpeg
5f66f087add4532f78835db7,rope,bath,10,https://ae01.alicdn.com/kf/HTB1u.z_S7PoK1RjSZKbq6x1IXXaJ.jpg_q50.jpg
5f66f2ffadd4532f78835db8,towel,bath,10,https://cdn.shopify.com/s/files/1/0672/6617/products/micro_cotton_baby_hooded_bath_towel_white_grey_folded_1024x1024.jpg?v=1589438723
5f66f384add4532f78835db9,towel,bath,15,https://images.ctfassets.net/6m9bd13t776q/2Cgxeo6Q5e6icm6awmam0M/ae0036f3552687e6b4ff63c54b0d6404/channing-and-yates-organic-hooded-baby-towel-750x550.jpg?q=75
5f66f3fdadd4532f78835dba,sheet,bedtime,10,https://i.pinimg.com/originals/dd/d5/10/ddd5106ebc5a0685eaca73db4fcf2652.jpg
5f71ca63cac14407a86ee317,wodden toy,toys,30,https://thestylink.com/wp-content/uploads/2019/09/baby_Toys-and-activities_30_Nordic-Natural-Wood-Bead-Garland_2.jpg
5f71cabfcac14407a86ee318,baby walker,toys,20,https://babyplus.store/wp-content/uploads/sites/2/2019/02/little_dutch_houten_blokkenkar-adventure_pink-wwwbabyplusnl.jpg
5f71caf1cac14407a86ee319,wodden toy,toys,15,https://encrypted-tbn0.gstatic.com/images?q=tbn%3AANd9GcSWn0dCOMMnMm9DDAqwuuGs2UEZY-A1ayqsSg&usqp=CAU
5f71cb04cac14407a86ee31a,owl,toys,15,https://m.media-amazon.com/images/I/41XOuKKiyVL.jpg
5f71cd34cac14407a86ee31b,ball,toys,40,https://cdn.shopify.com/s/files/1/0213/9744/products/Baby_Juggling_Ball-Soft_Toys-1100821-908_Multi_1000x_94b8cf63-a885-4189-96a0-68a5ad585ba5_1600x.jpg?v=1569120945
5f71cdadcac14407a86ee31c,bunny,toys,1,https://media-frenchblossom.ps-cdn.fr/14392-large_default/soft-doll-jolie-bunny.jpg
5f71ce62cac14407a86ee31d,romper,apparel,15,https://encrypted-tbn0.gstatic.com/images?q=tbn%3AANd9GcS6XmwjymoGw8HFIeqUSakJ28PNsiQHBKGEvg&usqp=CAU
5f71cf64cac14407a86ee31e,doggy,toys,30,https://encrypted-tbn0.gstatic.com/images?q=tbn%3AANd9GcTFxRDaIOKfNmxZcB9_ScS0LvKB6HbP6oHwUA&usqp=CAU
5f71cfbfcac14407a86ee31f,snake pillow,bedtime,60,https://www.mithaberet.co.il/wp-content/uploads/2017/09/%D7%A0%D7%97%D7%A9%D7%95%D7%A9-%D7%A4%D7%99%D7%A7%D7%94-%D7%90%D7%A4%D7%95%D7%A8.jpg
5f71d0f5cac14407a86ee320,bed protector,bedtime,60,https://lh3.googleusercontent.com/proxy/j1hjN_qFpTWqObZX8AWlMRJm_SYOGKtCv5N4m7GKx48s3OBB-8-KS_hsq2OGnLxh8hEhhu7v_EO5aC2KdjRY2RI
5f71d8f6cac14407a86ee321,romper,apparel,20,https://www.nununuworld.com/wp-content/uploads/2019/12/NU2623_1-372x446.jpg
5f71d9dacac14407a86ee322,sponge,bath,25,https://www.onlynaturals.co.uk/media/catalog/product/cache/1/image/9df78eab33525d08d6e5fb8d27136e95/k/o/konjac-sponge-baby-bath-sponge_1.jpg
5f71e13acac14407a86ee323,plastic balls pool,toys,100,https://isp.kontri.pl/serwer90/amazon/dodatkoweZdjecia/dd9b5d4c-1e5c-4b5c-b564-7f6f5c4f7e2f_20190410143547.jpeg
5f71e4a0cac14407a86ee334,kitten,toys,20,https://sc02.alicdn.com/kf/HTB1u1k_EWmWBuNjy1Xaq6xCbXXah/225759554/HTB1u1k_EWmWBuNjy1Xaq6xCbXXah.jpg_.webp